distance_regime,median_fare_per_mile,trips
long,3.173164097914778,1611079
medium,4.938271604938271,7741902
short,7.5,3313576
