payment_label,trips,revenue_usd,avg_tip_usd
Credit Card,7874968,1.3298472783E8,3.0
Cash,4797302,5.860493117E7,0.0
No Charge,37070,471791.9,0.0
Dispute,10054,149047.25,0.0
Unknown,2,6.8,0.0
