is_weekend,abs_err_model0,abs_err_model1
False,1.7487359443628716,0.31001460758362126
True,1.5309480206132244,0.30122081382046534
